10001,韩之柔
10002,孙名媛
10003,陶艳
10004,韩淇
10005,曹心菲
10006,秦昭娣
10007,吕琦
10008,孙琦
10009,何丽丽
10010,孔艳
10011,卫佳玲
10012,陈秋菊
10013,沈虹
10014,杨雪萍
10015,秦兰燕
10016,赵龙婷
10017,韩礼杰
10018,金沛文
10019,郑黛
10020,卜光萍
10021,卫萍
10022,沈月珍
10023,韩咏
10024,严胜敏
10025,施祖香
10026,冯夏梅
10027,岑静
10028,秦高彭
10029,赵晓云
10030,施采绿
10031,施①
10032,褚铠沣
10033,杨霄
10034,姜碧香
10035,华婵
10036,周志桃
10037,张光桃
10038,褚凡
10039,王雪
10040,卫远琴
10041,沈良翠
10042,金晓
10043,班翡翠
10044,戚欣淼
10045,吴武琴
10046,钱梦
10047,戚梅香
10048,史丽丽
10049,褚羽
10050,陶景燕
10051,苏兰燕
10052,周姬
10053,魏丽丽
10054,吴荔
10055,李花长
10056,李文涛
10057,吴福兰
10058,吴朱婷
10059,孙秀丽
10060,萧桂
10061,冯昭东
10062,杨滢
10063,冯傲文
10064,冯光桃
10065,沈婕
10066,秦婷婷
10067,秦慧
10068,赵文静
